62.90182034740498,28.696865478682252,0,0.7890386109608171,0.8696764054646288
62.93652221261026,28.449544497920932,0,0.5412206308060984,0.5965320406685655
62.84115623962136,28.54564412344696,0,0.6636392479093819,0.7314615376607237
62.56131156269014,28.361107449054572,0,0.682461383812418,0.7522072493000901
62.76334357411808,28.324674702967076,0,0.512340958657353,0.5647009374545745
62.99473602892749,28.72218744823852,0,0.7971716224587004,0.8786405906221444
62.930347922702815,28.20561275611837,0,0.31830870103297726,0.3508390630027378
63.35387454753492,28.52867706606972,0,0.6530371283407652,0.7197759076945134
63.08702205748339,28.420720604185878,0,0.48987997498788627,0.5399444968070438
62.83875798540379,28.51342390423907,0,0.6348562842274743,0.6997370262796915
63.15222554678574,28.789661103607784,0,0.8609788665560095,0.9489687772511604
62.39059065356832,27.841176895057067,0,0.7061914959670231,0.7783625202249932
62.290393639428785,28.21644282105171,0,0.8500783425896402,0.9369542466957933
62.31458501458131,28.108428125231924,0,0.7965249868849162,0.8779278704920491
62.362302756606105,28.298145200015192,0,0.8160847537806022,0.8994865971871245
62.99072375597206,27.237331618728103,0,0.7007468757659957,0.7723614733056495
63.585587385959606,28.303466891220964,0,0.6191854436063722,0.6824646645059456
62.882511718973724,27.75305971316494,0,0.27405532306248526,0.3020630992559444
63.4745931708671,27.841109838977665,0,0.3938892192568146,0.4341437232550671
62.36111356726778,27.597834861999008,0,0.802329463385764,0.8843255501350189
63.56198464282946,27.75286563824925,0,0.5034348547211123,0.554884651723598
62.33344575015444,27.865725745027188,0,0.7604134094646545,0.83812577917453
63.36900604978019,27.901636574000115,0,0.279473183359439,0.30803465147520354
62.47963897909821,27.77627104088069,0,0.6306649617341942,0.6951173609940342
63.08448823275937,28.21134731119196,0,0.2805670872182178,0.3092403496027872
62.95979487200387,28.244806931554688,0,0.3402882978952659,0.37506492030201516
62.6021165172565,28.01538246028344,0,0.4962003630193942,0.5469108128630985
62.9764887762672,27.66884249542783,0,0.2859709760223611,0.3151965024772265
62.7291994262438,27.939225202136477,0,0.36196198498943905,0.39895360461148516
63.02523985136745,27.64213175266265,0,0.2961340144833154,0.3263981783325547
63.87896209149232,27.699871524168504,0,0.8210583261431184,0.904968456343908
62.50549819778248,27.56655914679021,0,0.6896384913364003,0.7601178394618179
63.279072752557795,27.58263299839571,0,0.39573628716675513,0.4361795569370337
63.1185769812977,27.40004854218989,0,0.5315212835867419,0.5858414441528745
63.286050582206784,27.874129917684087,0,0.203070189173028,0.22382346025116281
63.43433641074507,27.795845294779816,0,0.3688681742916867,0.4065655893792816
63.8223287864073,28.09033688393016,0,0.748452361754499,0.8249423419717649
63.20797508451047,28.122455512949532,0,0.22445025219208875,0.24738851283126695
63.11456372062038,27.16631916323081,0,0.7648991978310393,0.8430700040172181
63.59669566913434,27.733037807126994,0,0.5429505131220018,0.5984387126786206
62.982209271050436,27.59707517903796,0,0.35108404893549094,0.3869639703973219
63.74898290856261,27.423749773801852,0,0.8306710886518119,0.915563619405657
63.293865452409584,28.47170857198235,0,0.5776229252840328,0.6366545596080183
63.68187874234898,27.452202722274798,0,0.7603758797428797,0.8380844140080124
63.67635520021305,27.96034050106196,0,0.5860326437785783,0.645923730532873
63.04882924035339,27.67720972755096,0,0.25713989925025355,0.28341896096717434
63.137039339208314,27.41370226322389,0,0.5191945802392061,0.5722549822109683
63.087059496434,28.42443958429,0,0.4935985242047449,0.5440430725567438
63.67724898117228,28.062834324423772,0,0.600857699701579,0.6622638705042585
63.08230365083183,28.045793167590322,0,0.11526927999651723,0.1270495153156011
63.32600605209606,28.230335143441877,0,0.38063686676231284,0.41953701311279146
62.64227018360039,27.69957012583961,0,0.5048863786804465,0.5564845178415088
63.01804516874103,28.35609290040885,0,0.43145933240847867,0.47555340904832816
62.95463338697546,27.649455512142247,0,0.3127306630410176,0.344690963324212
62.825969172747726,27.276833785456233,0,0.7057070176792891,0.7778285294545173
63.63539509866498,27.99471410524741,0,0.548063228473994,0.604073934894261
63.82497481918492,28.218721649185447,0,0.788346358047482,0.8689134060157062
63.36997008439681,27.86439578187108,0,0.2867147765518798,0.3160163175812134
62.272474185753296,28.04779875537077,0,0.8269012563934506,0.9114085196144516
63.5262738923356,27.745603099519826,0,0.47299702626825485,0.5213361524850169
63.568853661409854,28.048815924413976,0,0.4921346888874292,0.5424296368905156
63.25162217045791,27.896946651787296,0,0.16409949011009856,0.18087005213058696
63.16214288593139,27.953419737622923,0,0.07457328926986244,0.08219449499044675
62.707298211827094,27.83004051220324,0,0.3967880083378768,0.43733876141061245
62.8348172252149,28.039353537846488,0,0.27826998776814854,0.3067084922703578
63.1924345321615,27.868303130015985,0,0.11911705888894844,0.1312905276940922
63.320939558146904,28.59151638564968,0,0.6995090258065649,0.7709971181419505
62.48384792172705,28.430417092691666,0,0.786302842370078,0.8666610480903175
63.191324584479965,28.529093684009663,0,0.6065795984000409,0.6685705330976791
62.86291444911329,27.336865503180572,0,0.6363008652549588,0.7013292399152895
62.91362022460898,27.874836709888736,0,0.1860775106097686,0.20509417196688498
62.5271662620137,28.038567467761514,0,0.574093107658455,0.6327640033514366
62.503683608364426,27.68988086163681,0,0.6348906708368233,0.6997749271154672
63.26060930857539,28.17826542874768,0,0.299926925580034,0.3305787155623164
63.09912663099646,27.34918289466751,0,0.5817302815084796,0.641181677479842
62.70505424253634,28.591117999104746,0,0.7648190834291672,0.8429817021216223
62.6960047193334,27.89658225460363,0,0.3965440033105581,0.4370698196730016
62.45003570361854,27.74883385444561,0,0.6663712765094176,0.734472772826532
63.07074790167506,28.24261744778963,0,0.3124214378411822,0.34435013607376297
63.365783134958846,27.865069336812788,0,0.2824859122585862,0.3113552738164338
63.332070281129205,27.67952597308523,0,0.34821134944875054,0.3837976881281104
63.44250633994368,27.780935311146546,0,0.38208356522244835,0.4211315605774203
63.43628890390696,27.455576577671962,0,0.5874279052202555,0.6474615842429767
63.344742918827855,27.780899028532573,0,0.29468650874297936,0.32480274108568546
63.05395442701335,28.1992883203795,0,0.27098409140408986,0.2986779953181662
63.572988558967104,28.276719023516,0,0.5931871177474651,0.6538093740461544
63.01799143098432,27.381318587830485,0,0.554375780234428,0.6110316138317196
62.787768437897164,28.007309438124143,0,0.312783526212402,0.344749228980965
62.92938064244735,27.929734788841483,0,0.16168792736121762,0.1782120336333105
62.89054918532401,27.33887202010925,0,0.625022434901766,0.6888981818750449
63.33304722227597,27.583285844925488,0,0.42351089392814417,0.4667926598142488
63.71144626982936,28.44465501286685,0,0.8055193387343569,0.8878414228546901
62.713066341040275,28.683436898653625,0,0.8421750273091949,0.9282432321410282
63.616768989698116,27.786170518112286,0,0.5452515897106043,0.6009749536033046
63.21312085699874,27.316192423456744,0,0.626666286431218,0.690710030965054
62.726828254355155,27.605859368442392,0,0.4881514424065758,0.5380393124711188
63.60657944540662,28.06560536015604,0,0.5328344183954054,0.5872887780911952
62.96225699099613,27.305691080871053,0,0.6382979185554287,0.7035303871237373
63.52981891529623,28.399321130429662,0,0.641843934428032,0.7074387970481273
63.0940342818353,27.55639539704316,0,0.37447368760323574,0.4127439722871038
62.565579800368575,27.6817908269777,0,0.5815225399409669,0.6409527052379386
63.05377950521154,28.279393907267043,0,0.35052523946437425,0.3863480519803656
63.445563617744725,28.37508363984427,0,0.5683366378789866,0.6264192365980356
62.84447037673599,28.030779596270104,0,0.2660699351220515,0.29326162441833104
63.001022265441705,27.375348856453584,0,0.5627586311852053,0.6202711714162846
63.16522166347863,27.721067131901542,0,0.22251107380147078,0.2452511552053154
62.74296759441882,27.90253024379775,0,0.3492477615210687,0.384940018950852
62.82345407594491,28.069402034964305,0,0.30134709659345943,0.332144024540792
63.030945765552815,27.11769426447929,0,0.8153823774089589,0.8987124396874931
62.608379297861255,27.59521023004584,0,0.5879150735765986,0.6479985400004201
63.114532079770406,27.544832817416548,0,0.38673715611250675,0.42626073694667393
63.28244005404816,27.902866731457795,0,0.19341150139535293,0.21317767847152982
63.63197315505335,27.909481620447345,0,0.5413306806710831,0.5966533373575643
63.35771806576215,27.98672742833525,0,0.2724435756357807,0.3002866352285802
62.85843935934163,27.78617912624209,0,0.2739458221186421,0.3019424075864701
63.00365939081169,27.701233783641968,0,0.24569624981063443,0.2708057988585086
62.70524061412428,28.295669632186502,0,0.5309879801864589,0.5852536384641068
63.61944820212465,28.072659351812405,0,0.5470804079346957,0.6029906725266653
63.104487506805604,28.114127930709483,0,0.18376151103447178,0.20254148296317567
62.91467084109283,27.930103473163317,0,0.17639544289973283,0.19442262088362983
62.76923766030603,27.47704697643012,0,0.5563420215428877,0.6131988001387813
63.491619995004164,27.89518098646716,0,0.40214097761020906,0.4432387909030294
63.32268560409491,27.95657438708458,0,0.23304425264331205,0.2568607988729857
62.81616278594132,28.127361711629124,0,0.3379127513779255,0.37244659880606346
63.015456930036116,27.69905414091269,0,0.243822148192135,0.2687401686898311
62.503256702149955,28.20541172159708,0,0.6487667807849201,0.7150691411803505
62.30458561223459,27.67603923737801,0,0.8267294378395291,0.9112191416292797
62.62534280951621,27.851469801002956,0,0.47243965844674435,0.5207218230506909
63.03374656197039,28.57146300128825,0,0.6431648449638828,0.708894701373722
63.12703962921133,27.30136485413773,0,0.6305195867216831,0.6949571290148019
62.894668617880114,28.307746041037248,0,0.42499003076910763,0.4684229607819961
63.028569197480316,28.145496364755605,0,0.22355224978258045,0.24639873679654445
63.35800186917897,28.221012465787744,0,0.39426574936474634,0.43455873380875415
63.47508384984157,27.967005096245302,0,0.3857167231136066,0.42513601821913244
62.93199552658545,27.866695662366556,0,0.17152174909059875,0.18905084762135352
63.021180362896615,27.400032261146308,0,0.5354054997309836,0.5901226175801907
62.71987045507201,27.51882116050808,0,0.5545799635085104,0.6112566641314047
63.2773292058545,27.75929880539333,0,0.2532326925391324,0.27911244739390656
63.15268021855357,27.65998703338277,0,0.2777898163977875,0.3061792485735581
63.24370573659365,27.47673609486409,0,0.47908806301146384,0.5280496781183652
62.46441233379085,27.83135486164934,0,0.6345028697209186,0.6993474936846692
62.64631832586125,27.401238793158413,0,0.6915888132983499,0.7622674795045297
63.00928686446033,28.200145957023533,0,0.28143202644186,0.31019368347582355
62.99431296660076,28.60123315488941,0,0.6773216860271081,0.7465422871131827
63.1044167123186,28.263778597994627,0,0.33318892697452834,0.367240011232117
62.36930502657328,28.163808752598953,0,0.7584216256061249,0.8359304399319558
62.93693921362529,27.16763658344693,0,0.7786273399245596,0.8582011282787572
63.18341495959106,27.829148297018413,0,0.13738012477908487,0.15142003374799334
63.270152237786796,27.802894155754753,0,0.22010662096169534,0.24260097323227003
63.411349201641826,28.21189403868514,0,0.4261030651390274,0.46964974451164365
63.45157521047384,27.986834880518852,0,0.3648305577989417,0.40211533846725167
62.59648052204732,28.118462350364066,0,0.5289698798656125,0.5830292932818558
62.973206217692756,28.140790650467004,0,0.24075427938849067,0.26535877128224217
62.68146669790719,28.228885556638463,0,0.5065484549953062,0.5583164542449186
62.445870357977206,27.62413876655725,0,0.714389228074219,0.7873980402780191
62.608629004998065,28.608604153513852,0,0.8319164369525083,0.9169362392225532
62.73377714436384,27.75123919836311,0,0.39989629184554915,0.440764703805023
62.87322970171145,27.78459678828299,0,0.26238181142914874,0.2891965836058835
62.70367075864046,27.418846347834787,0,0.642050831513751,0.7076668385042864
63.30446092221643,27.82365994556746,0,0.23880794375282058,0.26321352495849626
63.064086247446184,27.3220999432108,0,0.6093548776168837,0.6716294389863597
62.98902692675358,27.94184657535892,0,0.10262780157916665,0.113116109070281
63.45017722860812,27.71795587123923,0,0.4174791611645486,0.4601444988805533
63.03310071332663,27.791577267519934,0,0.1508600372255413,0.16627755990648738
63.61299868964384,27.94273438261869,0,0.5220691356298455,0.575423310052867
63.10000436546281,28.142547443819414,0,0.21187881188089092,0.23353230241332254
63.10950814108666,28.30737469702655,0,0.37696883739265075,0.41549412021372034
62.94885425990388,28.053489399986983,0,0.18778293635308868,0.20697388800312735
63.0966006675603,27.48237823231965,0,0.44851324417743227,0.4943501884204735
62.61569917905272,27.472184061624738,0,0.6605705879399263,0.7280792682321344
62.710498373857966,27.822380988324504,0,0.39572442497862304,0.43616648246261336
62.807857598979425,28.27675790273304,0,0.44704973667006,0.49273711406555426
63.23561056102051,27.52886868688209,0,0.4271865712647105,0.470843982283526
62.9448434773516,28.084003134286828,0,0.21174107221526944,0.2333804860945473
62.76554194379633,27.904036214938067,0,0.32662580806025776,0.3600061577974298
63.529674748044776,28.239153529677,0,0.5361206551912356,0.5909108601596799
62.874260720515544,27.475286221136447,0,0.5045284637741956,0.5560900249170732
63.18777143452549,27.508287235080253,0,0.43349471249828275,0.4777967999491861
62.893000087195084,27.80409381449393,0,0.2351564670194602,0.2591888763342171
62.88534413248504,27.443999060075072,0,0.5285375069302836,0.5825527329019282
63.26738745380097,28.101887402102737,0,0.24564408280956757,0.27074830051895776
62.592717352761824,27.583631761340822,0,0.6073842550780594,0.6694574236980263
62.61408089386491,27.796730555777067,0,0.4954831096057284,0.5461202579245454
63.36824785091234,28.145692202109817,0,0.3506915239130781,0.38653133028845416
62.936999994955336,27.508250068209087,0,0.44981419025841896,0.49578408797329526
63.263256895637404,28.24618000937083,0,0.3592750566208175,0.39599207880919485
62.985010218020385,27.838741443700872,0,0.14047377070989195,0.15482984264138624
63.13589811182732,28.25487498763252,0,0.3271047122012849,0.36053400475719194
63.00551598003509,27.158638484556807,0,0.7769430436116708,0.8563447010484766
62.79693426848061,27.256263297349264,0,0.7359278338689392,0.8111378383133298
62.747707695720365,28.08995561698004,0,0.3784260632165239,0.4171002709126234
62.6268693843354,27.49347943619172,0,0.6377904597580818,0.702971067292404
63.470945087072366,28.18202271738725,0,0.4554044255312036,0.5019456314645786
62.60473834542638,27.82116244093339,0,0.4985441418277919,0.549494120068825
63.19532745877618,28.59430511473541,0,0.6715904393921205,0.7402253212472439
62.91937388603475,27.280824429101692,0,0.6723246778398622,0.7410345970483462
63.32489540667736,27.343090237355124,0,0.632571690331874,0.6972189525384678
63.16761743240293,28.24214947338851,0,0.3205668979029719,0.35332804200762696
63.42438783912469,27.739238134635354,0,0.3844765808798998,0.42376913651639586
63.2103980339376,27.24314349381741,0,0.6979905040371279,0.7693234072034507
63.6583239465805,27.3428941491988,0,0.8169967940570687,0.9004918457240884
63.792416648126185,27.75875740525317,0,0.7221585489956506,0.7959613665816887
63.00666489963071,27.961544636696967,0,0.08980553328594856,0.09898343667092899
62.487127763241396,28.397985661224432,0,0.7635107647467998,0.8415396765057934
62.440526329563895,28.363723746807004,0,0.7813920199233518,0.8612483517355178
63.718845691988605,27.96634379853128,0,0.6287831887296849,0.6930432754426704
63.003826657400865,27.41923261065759,0,0.519008963515329,0.5720503959169985
62.64320944586661,28.09337323611381,0,0.47643019524968544,0.5251201828450616
63.45740415903125,28.46465799610286,0,0.6474162428745998,0.713580581635893
63.39704884649272,28.228650414538226,0,0.42697429373833534,0.4706100105189832
63.41394999256365,27.74073116997333,0,0.3747037209825239,0.41299751450881156
63.09901324761507,27.837706776283078,0,0.09348904607607114,0.10304339535773636
63.072435952197225,27.473851438455767,0,0.4573853908044764,0.5041290464892405
63.228684447544325,28.21504001313801,0,0.3157515022081569,0.34802052478276396
63.48889613656436,27.413838315390603,0,0.6523637895051729,0.7190337552952987
63.34715871841346,27.524142458570857,0,0.4806257694212058,0.5297445343199595
63.15582283170363,28.23831804339795,0,0.31420649543829987,0.3463176221423068
63.567551969867885,28.512242578569413,0,0.7516973956224614,0.8285190102750611
63.09144458186707,28.42547652008956,0,0.4946193561552463,0.5451682310077535
63.40865829239699,28.296093281547407,0,0.4840072540636572,0.5334715983294127
63.51675269592398,28.556658092461678,0,0.7568599026407218,0.8342091127421121
62.69300627182179,28.42612630945085,0,0.6354068561871496,0.7003438653319111
62.6656070317049,28.342809741072262,0,0.5922153411642866,0.652738284299679
62.889448812896404,27.857081147947678,0,0.2146901888524124,0.23663099515792924
62.89548527459257,27.571011556783684,0,0.4095610664472347,0.4514171944670258
63.22496657496849,27.085073402608124,0,0.8563177780594826,0.9438313370386011
63.18068171841237,28.14738258394824,0,0.2343382365771645,0.2582870247644556
63.290968012534634,28.08201045460485,0,0.2506164764141737,0.27622886045168826
63.129572632630094,28.139508975564503,0,0.21217535330718484,0.23385914963994509
63.40760431518275,28.075165902048372,0,0.3478826163119866,0.38343535927782785
62.64622905328385,28.457354134511448,0,0.6892587577551014,0.7596992980477087
63.30290160122275,27.729538000026693,0,0.29224022408812433,0.3221064521895224
63.33203056979136,28.062986102754273,0,0.2748137209775776,0.30289900356220667
62.62914038411929,27.49796146623498,0,0.6330662368587545,0.697764040497229
63.06690486352887,27.458825414119268,0,0.47264977200504954,0.5209534096949792
62.83403201293368,27.759211863915105,0,0.3090759575727535,0.3406627559963077
62.896863127916184,28.13003357797761,0,0.2781823610197264,0.3066119102849749
62.52776476532649,28.22765104674191,0,0.6367050404068012,0.7017747207680001
62.96228710738699,27.803030110574426,0,0.18144821390130986,0.19999177258450346
63.46666377086225,27.617755144773923,0,0.48898634738541524,0.5389595426738175
62.46548863208759,27.787403191270002,0,0.6418134209794214,0.7074051652005379
62.47352286741395,28.0375295965023,0,0.6266872095698701,0.690733092396727
63.56401313238234,27.890969264453496,0,0.4746275394513765,0.5231333000826904
63.16217723620244,27.394467922391943,0,0.5410827770111302,0.5963800985567066
62.622793074933064,27.608000314968805,0,0.5687837276849013,0.6269120178763234
63.47109294271676,28.05029326256245,0,0.39835465659948666,0.4390655172497534
63.32953302380513,27.750253154722014,0,0.2991404604589355,0.329711875651013
62.95211726708894,28.02844341274509,0,0.1697923118007763,0.18714466611794423
63.12560340163948,27.971146534117487,0,0.053067366199766826,0.058490719773382785
62.84727092855721,28.15273012278624,0,0.32964061499562497,0.3633290705450421
62.58525583491961,27.70925335224729,0,0.5522235914037493,0.6086594766255737
63.02832840484028,27.92371416401177,0,0.06314161781402619,0.06959453498588117
62.538555879795034,28.31955954859795,0,0.6755408183160013,0.7445794191266372
62.722413876004076,27.649640834464325,0,0.46366595334829186,0.5110514669912614
63.28519282602373,27.442505760346645,0,0.5255216223960402,0.5792286324274998
62.912475968364106,27.840820717541558,0,0.20000128361437866,0.2204409201347716
62.856767957484934,27.98242224353324,0,0.23990392531799642,0.26442151312893186
63.18052826959963,27.870067527163748,0,0.10816252936051345,0.1192164723417888
63.254489654844896,27.72880524946062,0,0.2598706596108972,0.2864287982826613
63.55981826559038,27.577165572167864,0,0.5872203808377768,0.6472328513818807
63.341074209731104,27.633389277157374,0,0.38857688920049327,0.42828848620602405
63.44916396275916,27.42781415896561,0,0.6174848280064406,0.680590250197849
62.814832009178325,27.36888363934571,0,0.626193972341386,0.6901894475434198
63.69728334817176,28.035339953535967,0,0.6151566505510218,0.678024138764789
63.46881839628109,28.458217788169698,0,0.6486963460739572,0.7149915082161339
63.452878202506426,27.174765427840622,0,0.8382028179418924,0.923865072800889
62.95881770434557,27.296260705734444,0,0.6482299828823203,0.714477483859772
63.909074233573115,27.81277639540041,0,0.8264881990764834,0.9109532488613088
63.01838458172469,27.08237443677444,0,0.8515900313966978,0.9386204263600585
63.448594077736885,28.359108560605076,0,0.557876696854588,0.6148903154716108
63.486183295563876,27.49532452089907,0,0.5880540247083355,0.6481516915941514
62.51402920567162,28.0625326132911,0,0.5918684958062508,0.6523559922039076
62.813595956799574,27.858711769781042,0,0.28669472881715424,0.3159942210175831
62.78682611870062,28.16519443918085,0,0.3840247234683989,0.42327110039502264
63.23790111244201,27.576982961907984,0,0.38312921320298743,0.4222840711953598
63.27137424591562,27.71351454737902,0,0.2823993951910354,0.31125991491856275
63.02260022192215,27.723195714466218,0,0.21865662413960033,0.24100279032124725
62.8058370456231,27.34033525862948,0,0.6557980577084089,0.7228189972148985
63.37286473065497,28.08939357153014,0,0.3233342212833534,0.35637817899303736
63.52446014066857,27.922766297355885,0,0.4334709859999122,0.47777064866136504
63.007797860361755,27.92654999545259,0,0.08337814508441227,0.09189918529211348
63.38690541864028,27.569092408080376,0,0.4673281403929941,0.5150879204942116
63.058320647107394,27.960656213237186,0,0.0442735348581887,0.04879818061855853
62.92709569441623,27.50440482481109,0,0.456888988690948,0.5035819133074654
62.868372728662436,28.159959109427113,0,0.31949857079341565,0.3521505345097773
63.163343983615924,27.34361980388455,0,0.591668984406708,0.6521360912327849
62.86526131029922,27.636229538032627,0,0.3712043677212362,0.4091405359992026
62.62559624885978,28.16460131207157,0,0.5208618940188945,0.5740926913351585
62.72057752001632,27.29248088216372,0,0.7380956537480697,0.8135272040224187
62.87862818681959,27.44063602450645,0,0.5342716250518794,0.5888728637133046
63.02667359222105,28.066194482904717,0,0.14987448656913233,0.16519128841056482
63.547377224939844,27.729570245023826,0,0.49873602971315895,0.5497056184214785
63.59993414542826,27.77735520940192,0,0.5315176710152432,0.5858374623855037
63.0921019038025,28.005560709821612,0,0.07471060043178354,0.08234583901350323
62.80772738100508,28.530049711430394,0,0.6628058201909349,0.7305429356907759
62.6965032918725,27.63570916384652,0,0.49273838060057185,0.5430950244036252
63.46696752535597,27.681242338702265,0,0.45123229945482374,0.49734712442215023
62.593247394498285,28.09368487855228,0,0.5237698541440576,0.5772978377928291
62.92835501870265,28.4464280482956,0,0.5406363084588487,0.5958880020226367
62.89338492711212,28.056922105060547,0,0.23445599717070678,0.25841682019939954
62.981031763423736,27.46220890395619,0,0.48139232395933856,0.5305894288359632
63.35135243796058,27.758638453296115,0,0.31210423744434945,0.3440005185809085
62.700365812635404,28.23626095572061,0,0.49590017802784403,0.5465799497078622
62.35152723338617,28.12324203135621,0,0.7641514941186391,0.842245886834713
62.961371309818496,27.42893560402769,0,0.5184069514061193,0.5713868596591896
62.65879263293599,28.59029043599535,0,0.788486629355951,0.8690680127049665
63.25381586226493,27.827549897100315,0,0.192770254623009,0.21247089786505383
63.24626882604189,27.249143469866446,0,0.6991581285113643,0.7706103600110579
63.01526676889125,27.865466763027797,0,0.10010617318431185,0.11033677649023851
62.6175730347913,27.89598329319714,0,0.4747741870416482,0.5232949346939831
62.60433006596345,27.636103460887995,0,0.5690258424293969,0.6271788761488819
63.8908066523641,27.728500212444835,0,0.8249458334331469,0.9092532572639702
62.77833990349842,27.63908906149117,0,0.42769789843723094,0.4714075658284078
63.32443736587224,27.52245615413991,0,0.47037678265128624,0.5184481264510665
63.38254906833861,28.0867531464733,0,0.33055508540856443,0.36433699757241594
63.45308522296948,27.86388841562484,0,0.3681626152203275,0.40578792391589513
62.74452223610317,27.718750471409017,0,0.4063015771779399,0.4478245934561335
63.3733999081089,27.921453100867637,0,0.28249181229973075,0.31136177682719063
62.94557345351038,27.878633414023298,0,0.15458017434662016,0.17037788584029145
63.25022280113547,28.751662797528,0,0.836093869319886,0.9215405948457954
62.83026723774634,27.91876402221184,0,0.2610776703313545,0.28775916251343875
63.58157285930736,28.095615802498934,0,0.5174395051998986,0.5703205428434867
63.75636556014478,27.749880530510893,0,0.6894765150617752,0.7599393096125435
62.726793453605744,27.45414607377505,0,0.5999559350583716,0.661269947744858
62.78758107670881,27.484586902602825,0,0.5396846947167018,0.5948391357096773
63.737264630767314,27.70015907330761,0,0.6861458019215789,0.7562682058273023
63.362158442238524,27.8908825259441,0,0.2740252086171936,0.3020299071888262
62.85271349300324,28.033952463070946,0,0.2596919246390915,0.2862317970388039
63.334472491572726,28.228827022909798,0,0.3847509791462483,0.42407157760689346
63.495497367608635,27.966583927825713,0,0.4060076299015557,0.4475006054951253
63.063218750118196,27.763748961160694,0,0.16941250139535405,0.18672604002847634
63.46388714602857,27.93941340700965,0,0.3729206390689265,0.41103220603375723
63.59104501732809,27.444791097335035,0,0.6973096209337571,0.7685729395309499
62.68006688205034,28.181197089501143,0,0.48123714488245256,0.5304183908412252
63.21474179433855,27.45780456644471,0,0.48895288967525014,0.5389226656684248
63.101055126385845,28.21562213016423,0,0.2849400148311187,0.31406017960212484
63.2338110793739,28.203777516989227,0,0.307996714184048,0.33947321660257895
63.901671894788564,27.70813941131184,0,0.8406469710950568,0.9265590123611606
63.92078574593111,28.097082502343177,0,0.8462079373035721,0.9326882955621978
63.138176135198755,28.197546534638967,0,0.2708184492940477,0.2984954249941618
63.229357666498004,28.07901847836328,0,0.2026738361370425,0.22338660091520318
63.51019346768923,28.470567135550752,0,0.6833415268682679,0.7531773407993819
62.99677728475441,28.297627588622145,0,0.378695852923967,0.41739763246089384
63.27662844974028,27.361638250018345,0,0.5987021406524395,0.6598880186516608
62.72046502626921,28.048269038080672,0,0.38875392247043145,0.4284836118382919
63.47960449199466,27.616796985993467,0,0.49959691532183226,0.550654484410122
63.40623396776808,27.13636532174646,0,0.8547217110699495,0.9420721559503047
62.955290593428956,28.089540171466414,0,0.20884168959687355,0.2301847937436208
63.1856743393025,27.60385112686302,0,0.34041743877423214,0.3752072590594065
63.265667833174476,28.508046748289303,0,0.6030206558117637,0.664647875379245
62.82626290599081,27.742910651810536,0,0.3247212992407451,0.35790701288700194
62.8344644309309,28.414072281918397,0,0.5471200906373307,0.6030344107033621
62.37976283605129,28.12357985937845,0,0.7369479524607692,0.8122622105021761
63.26839645074434,27.83941160748849,0,0.19952161738535532,0.21991223320350492
63.351649275772274,27.639690043723512,0,0.3907463524483486,0.43067966323205703
62.837759334073276,28.67569929083482,0,0.786735769805027,0.8671382196383549
62.79472144516335,28.160552826239748,0,0.3749391138046976,0.41325696389521216
63.02173903231223,27.257289918422924,0,0.6771255978460875,0.7463261592050485
63.83428654852784,28.039395452105502,0,0.7511053749579915,0.8278664865629325
62.585607019682854,28.206617577474336,0,0.5757874301418252,0.634631481402024
62.948474210337714,27.79437529036273,0,0.19738131051091765,0.2175531922601402
63.23024380874426,27.811750917185726,0,0.18318614723905874,0.20190731841092394
62.831439110325796,28.622193266623718,0,0.738478732292006,0.8139494322460736
62.542113368572025,27.865320262886076,0,0.5528495630616415,0.609349421038681
63.27077577156385,28.15324607621081,0,0.28592453949367,0.31514532025015507
63.15416006257276,27.521286669071326,0,0.4144021451868394,0.45675301948033387
63.7225795141777,27.413095447750802,0,0.8166323164079453,0.9000901193606905
63.21462459735407,28.24329237314307,0,0.33598024293229284,0.37031659277697787
63.27454587863074,28.33626107168678,0,0.44499164359485344,0.49046868896836193
63.58695230954422,28.49716956964983,0,0.7527377521380936,0.8296656886534677
62.437021283458364,28.278482184065066,0,0.7406860393246674,0.8163823205981204
63.35163326150688,27.82642662971391,0,0.28071650496879,0.3094050374779116
63.24099575013474,28.734593681427196,0,0.8176010536016118,0.9011578590995631
63.077251732439386,27.303232684672583,0,0.6277766063200982,0.6919338228004135
63.48945182944836,28.165111259025302,0,0.4621549945348675,0.5093860919241733
62.971334989578715,27.913443265659776,0,0.12098944613066721,0.1333542682809222
63.61199488902869,27.831970902346672,0,0.5302327897701823,0.5844212694551061
62.58270840504076,28.451877086824695,0,0.727933859215886,0.8023268992223048
62.416035392981975,27.762263696878914,0,0.6957645690056353,0.766869987117165
63.28953849565137,27.98450592601335,0,0.20559677092702736,0.22660825241140323
62.95647363538955,28.011585851702627,0,0.1569453565144027,0.17298478377579476
62.628227368324715,27.37105489805489,0,0.7263588032237657,0.8005908764033901
63.416445149772294,27.95100644482861,0,0.32600374564454615,0.3593205221413851
62.68004077865847,28.65938859026981,0,0.8364798075611161,0.9219659750207346
63.29319134537625,27.444797949211868,0,0.5264113350353701,0.5802092714980349
63.01461593897124,27.620378126066193,0,0.3197526114345203,0.3524305374760818
62.61335935233152,27.56107669317511,0,0.6041027048814542,0.6658405071876161
62.78538000033475,30.38926265105196,1,0.5197929894870345,0.41102126675156353
62.64504182039401,29.03151118674604,1,0.9772598468079317,0.7727587487796509
62.43115450572234,29.698683633803988,1,0.29182765417360296,0.2307598881045767
62.45592237200552,29.361077004415932,1,0.6286291195261049,0.49708238135247995
63.004136478282966,29.30698037710989,1,0.8774683686930019,0.6938496049947626
62.463794411628754,28.970153844626907,1,1.0196031355980955,0.8062412938484788
62.769883318325945,29.364930571432108,1,0.7005747557247533,0.5539726956231636
62.499318250971356,29.14927209478735,1,0.8417069588517199,0.6655716168897455
62.5863273075036,30.076029242655764,1,0.1589088108482511,0.12565560146798008
62.86621600727338,30.278691034313397,1,0.5043162831524783,0.39878321127288363
63.2696409693157,30.329714645998465,1,0.8846770513126536,0.6995498008840207
62.422727193364956,29.762169415731588,1,0.22952325966709874,0.18149329222469657
62.75994817595148,29.987575276912537,1,0.30704143001580897,0.24279003384568973
61.95127687330378,29.818964554182052,1,0.5298963322945134,0.4190103871189879
62.494307312895316,29.738163719759,1,0.254918337540359,0.20157420383341765
62.386349237449686,29.20974655990735,1,0.7827876933188089,0.6189817789250055
63.2189191838842,29.615242166201433,1,0.852632200040153,0.6742106454331426
62.63898005549519,29.396757348625897,1,0.6214501247222737,0.4914056608157417
62.46197770986672,29.9500444565947,1,0.040677095986277896,0.03216501926383122
63.10320362782571,29.67472230001868,1,0.7225557125173929,0.5713539240892076
62.57075645914264,29.27477445062017,1,0.7245714797551547,0.5729478724884709
62.34243149191478,29.31959493251772,1,0.6791507685621142,0.537031885491909
62.88939243275495,29.484587530042372,1,0.6675708694974738,0.5278751925801772
63.089509536962325,29.22261105682309,1,0.9968337683915597,0.7882366374917287
62.085923266169175,29.59094356487081,1,0.5419299796155794,0.42852587706514367
62.825517238271296,29.417303004880452,1,0.6829862344131356,0.540064742926606
62.27272083318238,29.71202711053433,1,0.33101547832201,0.26174728010193943
63.21941175016202,29.43768848418519,1,0.9445814896538847,0.7469186546951356
62.763616747772296,29.67964663201461,1,0.43894027658402096,0.3470877679360201
63.164576485291356,30.428047031208585,1,0.8358303811992517,0.660924770087781
63.07520478908365,29.866401509557253,1,0.6343878678602626,0.501636055763412
62.06202502120906,30.240655725184087,1,0.4645143477957409,0.3673102167916871
62.827718534556176,29.845847162598535,1,0.40146195507093857,0.31745214857295107
62.811266367521604,29.317338043674976,1,0.7618959972653171,0.6024618728274473
63.617312650374316,29.711916008844792,1,1.1970744989846254,0.9465750537617184
62.97637153259148,29.367633843198412,1,0.8130022516447173,0.6428736479740851
62.616559337466974,29.42458731959062,1,0.5883288999798965,0.4652153734796047
62.61276770525823,29.810182889042892,1,0.24037301378692838,0.19007263010048492
62.514474825692865,29.65211641232239,1,0.3431496432023026,0.27134225333347933
62.8959539475992,29.951920484059702,1,0.44464764249966193,0.3516008121976914
62.622887761335754,29.05740978058148,1,0.9476571634108006,0.7493507138980304
62.64812984818016,29.371532363762068,1,0.6482585060960341,0.5126041284647112
63.06172619455428,30.250402626939568,1,0.6622828687538934,0.5236937572623317
62.384338528835116,29.983385424663282,1,0.06886557851008315,0.05445478851634197
63.13224949328677,29.768885229553952,1,0.7143215511813918,0.564842840847589
62.57663789055753,29.999605646168604,1,0.12411978851466865,0.09814651935683291
63.2015132453574,29.63286587977259,1,0.8292951935347427,0.6557571338043897
62.31480761343441,29.75174016732818,1,0.27513227669389995,0.2175581802335739
62.96146191276848,29.595019850340595,1,0.6437332216020377,0.5090258036262613
62.92146523672848,29.37187037178635,1,0.7754046035784526,0.6131436722960253
62.834240248049824,29.292469079635325,1,0.7946943420125261,0.6283968459379082
62.63596091601502,29.911964389877248,1,0.1988687973475649,0.15725357335777415
62.149901278474395,29.696207853033066,1,0.4218456754176562,0.33357037780548765
62.90131566539874,30.239481857565412,1,0.5132791498470035,0.40587051121154705
62.14686235437066,29.841687075912873,1,0.33996348728896936,0.2688228314365842
62.80852507326416,29.540261199974648,1,0.573108576803978,0.4531800504978386
62.92938918922829,29.316688831420933,1,0.8246036061794089,0.652047306590737
63.45749446364415,29.538042841823806,1,1.1014422114386988,0.8709547495935781
62.705971498398775,29.13932357948081,1,0.8872295540965394,0.7015681677124287
61.45089441454747,30.316489227122013,1,1.0539617313823348,0.8334100203389603
62.410690061856606,29.853157194110302,1,0.14292135277848,0.11301367400670422
62.827343226464635,29.56737900998732,1,0.5644034811279869,0.44629658049284604
62.93678409139633,29.511581853227625,1,0.6802397469300039,0.5378929845780601
62.897384179734146,29.405209218015145,1,0.7342900511175015,0.5806327385662327
62.189050328738396,29.29376918504799,1,0.7442729934360581,0.5885266534143921
62.880446947879456,29.715456385588407,1,0.5079304237518492,0.40164105791071075
62.31092049439229,29.61510699731037,1,0.40060116597978573,0.3167714879449562
62.71562724823904,30.10021170923188,1,0.2850110151030754,0.2253696968507058
62.546223961421994,29.46949710709734,1,0.528504176290031,0.41790955325617873
62.51016105286497,29.122849399440767,1,0.868737771854389,0.6869459701926749
63.03934820753812,29.84574325260645,1,0.6038445246417913,0.47748420324829255
63.08159896324337,29.265287677357264,1,0.9591748155006812,0.7584581856179902
62.7426753963437,29.862084998278903,1,0.3166179544867432,0.2503625777212914
62.6005718319624,29.360218262168182,1,0.6465668679445358,0.511266481997797
62.50003802689132,29.997616493383468,1,0.04778444612712548,0.03778508747795042
62.59426218067067,29.775488092188247,1,0.25664287244431333,0.20293786308838396
62.600533422611505,30.107475693323764,1,0.1888460597208394,0.14932819075551795
62.88662313005416,29.80096010448352,1,0.47299669557449475,0.37401755105660545
62.54620292733904,29.00271074048883,1,0.9913871520594253,0.7839297784351014
62.89208992944045,29.17854206387824,1,0.9224157807778335,0.7293913353104093
62.338272537055644,29.69929450198617,1,0.3122137330606831,0.24687998233003758
62.011830739839496,29.249695184035982,1,0.8614871211182445,0.6812125884222046
63.005894693303006,29.291950250876464,1,0.8903037464685857,0.7039990555246006
63.319978586606474,29.695131002368303,1,0.9157352797785868,0.7241087939164687
62.86423105986898,30.001369280711568,1,0.411482498757324,0.32537579633815483
63.42312184384719,29.674832557443995,1,1.020021526913147,0.8065721327243167
62.33218149126939,29.77275910185864,1,0.24827252702613115,0.1963190936041618
63.23617237577994,29.53280446719289,1,0.9067778605805024,0.7170258015327992
62.20461590907307,29.44207612734119,1,0.6012842224782948,0.47545966913607685
62.97807898085498,29.181759259062638,1,0.9636206036038553,0.7619736494561596
63.235686237526906,30.21231768824773,1,0.8138128458725542,0.6435146175005804
61.83091935253184,29.607640272083078,1,0.729963196700792,0.5772113203875061
62.400070707582465,29.61885165841116,1,0.37459327126079917,0.2962059973570809
62.4771921208817,29.310923289706704,1,0.6792096782673365,0.5370784677701508
62.75448012860846,29.955120559516637,1,0.3035419888407907,0.24002288466559393
63.00159910682811,29.126936518619672,1,1.022454996053476,0.8084963748531802
62.17125125961886,29.15226552819583,1,0.8835319154725794,0.6986442958212179
62.66899526428173,29.401525593915647,1,0.6266090824993736,0.495485056658987
62.30766777765894,29.061913755930075,1,0.939085625957235,0.7425728537624987
62.5841793469579,29.534654491483888,1,0.47359899169563463,0.3744938108747973
63.397119030505856,29.498926373225807,1,1.0641337640977118,0.8414534565850678
63.19836721780964,29.187698520472804,1,1.0949452113538996,0.8658173097685921
62.68899096265253,29.103337185197788,1,0.91726191739583,0.7253159678106935
63.078414545577076,29.065612785711004,1,1.1158790320833736,0.8823705255452607
62.502229053873556,29.594685831046682,1,0.39807952816816966,0.3147775272941173
63.34527417905678,29.20864706814239,1,1.185895666917183,0.937735500689451
62.3926870260501,29.072012546128512,1,0.9196605845877641,0.7272126906362882
62.53216746813318,29.164351077927247,1,0.8291442383934201,0.6556377674899838
62.6190899812087,29.179918484647985,1,0.8266551819197002,0.6536695702161919
62.515909369781895,30.021775140875317,1,0.07069150463312346,0.055898621894755626
62.163671031291216,29.836099763616915,1,0.32749694614208136,0.25896503489480877
63.048838739782326,29.16850515709385,1,1.0146355966456864,0.8023132605849447
63.141102505713675,29.545495263777354,1,0.8190971790867688,0.6476931527551387
63.05860315515449,29.470825528960983,1,0.7975517823561332,0.6306563391851246
62.05562065250676,30.00108032637105,1,0.3974564276106574,0.31428481656957474
62.59769281114345,30.171517141159125,1,0.23241932248567532,0.18378332581952853
63.29544572257429,29.32151201735948,1,1.0753293897280154,0.8503062890043447
62.99591277328064,29.89111010494186,1,0.5518761867736169,0.43639074394129074
62.210340536710646,29.525750126902693,1,0.5235364523080127,0.4139813736822751
62.31921745443408,29.897607780153184,1,0.1623439851585407,0.1283719322478951
62.49152921041911,30.069386958529424,1,0.0885511719950303,0.07002098070166603
62.80290149390792,29.790781759758506,1,0.4025657980879206,0.31832500173625083
62.386772266331384,29.359039237173825,1,0.6341185881398256,0.5014231254352947
62.36586065304408,30.206888707346067,1,0.2339865425115576,0.18502258985991554
63.10287502809807,29.14422760575516,1,1.0664290759649107,0.8432684521897161
62.72272191869268,29.1651268865799,1,0.8675916737545035,0.686039704232256
63.15174260688809,29.86144452785217,1,0.7105001664048507,0.5618211178860132
63.04767243799007,29.396883917082032,1,0.8397422979851781,0.6640180803580195
63.05455400904485,29.171148580475194,1,1.0158716749758998,0.8032906775400864
61.90042104748585,29.61182303913862,1,0.6693569660118164,0.5292875310816837
62.52072182249256,29.81850651533937,1,0.1841323708612361,0.14560088699165064
62.51264527648818,29.23570199119653,1,0.7563591687486153,0.5980836793605312
62.780962987789074,29.94514391426822,1,0.3310607622795735,0.2617830879523293
62.4485293664248,30.324248052688827,1,0.33457785946553914,0.2645641984518968
62.45068078099781,29.870009030873288,1,0.11971072900318899,0.09466009829644152
62.580943464741495,29.464585668692337,1,0.5404955630243243,0.4273916260530841
62.8039747277445,29.755246268777423,1,0.42215118111235445,0.33381195347152076
62.99561725951543,30.25147751634073,1,0.6025402563221132,0.47645286572012185
62.97661910863636,29.251807487446708,1,0.9048484521417766,0.7155001405165764
62.375503103467494,29.06192204961771,1,0.9310007481190378,0.736179814999381
62.57518370445278,30.175760174683308,1,0.22264017357964375,0.17605055863643146
62.75373671717082,29.726021621846012,1,0.40002496623569994,0.3163158635839009
62.60657965881326,29.71234586653225,1,0.3170770041104829,0.2507255667605193
62.24299871250609,29.80532383075825,1,0.2793897662120324,0.2209247487912823
62.901748311444,29.13922192519288,1,0.9616461339508164,0.7604123567216127
62.90868921335326,29.912278820832313,1,0.4623038347488437,0.3655622750320201
62.9516744134265,29.557660900589838,1,0.6598626488952977,0.5217799918745395
62.82641642163513,29.08055799727028,1,0.9828739592313872,0.7771980537465216
62.51089261791424,29.488668058124496,1,0.5043743055882615,0.39882909195141897
62.115700199640216,29.484158389158182,1,0.6076877834971934,0.4805232229256462
63.551789269157474,29.94687966096756,1,1.0997091199716258,0.8695843243192863
62.66220686121577,29.317015723240228,1,0.7044899964922925,0.5570686342996346
62.614208532883644,29.05304025950172,1,0.9504448193261307,0.7515550257851861
62.6528884123526,29.731832071755505,1,0.3263204621414777,0.2580347415780053
62.55581064294208,29.27824567118132,1,0.7188556421258525,0.56842812930136
62.54571702934509,29.3467653284881,1,0.6495967950929991,0.513662367513597
62.43360922525428,29.311756743644487,1,0.6782169861289062,0.5362935060863955
63.487207385536315,29.422875381077358,1,1.1794284852808,0.9326216395134435
62.20205623702999,29.41985332037077,1,0.622618403668045,0.4923294660649891
62.70778572408138,28.94821797009881,1,1.0722136592444826,0.8478425553332501
62.70977735777559,29.24040269750568,1,0.7921007361055292,0.6263459772134181
62.97877604028614,29.255481457928852,1,0.9031091190371473,0.7141247797279033
62.718878561448214,29.71064288723793,1,0.3854988621453938,0.30482948761323836
62.62477919211886,29.3721041819566,1,0.6410623066575684,0.5069138035299443
63.062668613371194,29.917088704465538,1,0.61406255616025,0.48556401260195264
62.842678621252745,29.338478177771567,1,0.758949835302715,0.6001322238202165
62.77157075324104,29.8418346534777,1,0.3512917761717052,0.27778056603647705
62.58744787271054,29.621155428893665,1,0.39233104367997595,0.31023196891986754
62.42033855510726,29.184425306730386,1,0.8059322348647111,0.6372831007530834
62.97775662774504,29.87759062503715,1,0.5366823645495528,0.4243763763302619
63.35333093410539,29.71496189176077,1,0.9413983911451018,0.7444016504112455
63.08159939429829,29.38751901469593,1,0.8705549133349307,0.6883828572002049
63.240438099696405,29.948957014729036,1,0.7885771801042616,0.6235597594682724
62.527897786335146,30.102085828016676,1,0.13510503494573564,0.10683299646405806
62.200323621697514,29.55483388706241,1,0.5029011301760746,0.3976641927774962
62.65081031020954,29.453823204626175,1,0.5712492473200532,0.45170980373566993
62.130894423581495,29.59022280342927,1,0.5131060690092691,0.4057336492172246
62.61100530672317,30.28471137457953,1,0.3347016248077393,0.26466206469626696
62.99273714358121,29.427107830297317,1,0.7796907527250415,0.6165329031770643
62.75741193534711,30.23728160381944,1,0.39244887585271715,0.3103251435680135
62.58019680871888,29.68718217517304,1,0.32820310010276554,0.2595234192926601
62.20069942903386,29.486191699799647,1,0.5631445302866727,0.44530107732131313
63.08134084934159,29.46581351614109,1,0.8181540895515141,0.6469474138489194
62.485714431042545,29.606599514125598,1,0.38450100345491955,0.30404044052854695
62.56306140255595,29.82028151690318,1,0.2020759483556753,0.15978959692230507
62.18115615595931,30.053786124691662,1,0.27921236331999644,0.22078446917442568
63.01008280277582,29.11098198436532,1,1.0404712574986414,0.8227425589131597
62.44786601290508,29.490108980686212,1,0.4996154485513227,0.3950660718892545
62.57400371012842,30.369630147155704,1,0.3987611176715371,0.3153164875855116
62.783432790445346,29.633380671488684,1,0.4860095777680071,0.3843073614839154
62.990082256271975,29.49800538038366,1,0.7282253644418263,0.5758371463779899
62.72716831349083,29.54441786078605,1,0.5229632931427722,0.4135281536294616
62.15451372263608,30.545390960251623,1,0.6307427497561583,0.4987537139640611
63.05554647820403,29.282546093137164,1,0.9291022139862869,0.7346785675412641
62.28234066896717,29.211626063497597,1,0.7965504825145266,0.6298645710435393
62.928498319207364,30.215031231556694,1,0.5262651488863482,0.41613906404534623
62.65060658820364,29.17390729176192,1,0.8394035466384621,0.6637502160149885
62.61798093834111,29.942382259281555,1,0.17171467997767112,0.13578171832196712
62.68418298314961,30.393891274701158,1,0.46567881175835274,0.36823100537998954
63.20608004713557,30.129682742973472,1,0.7660642452496017,0.6057578745075124
62.91847195678,29.416203302501764,1,0.7386754072333266,0.5841004163963279
62.63918909108809,29.093450112646128,1,0.9154017212261982,0.7238450357252051
62.925031089617384,30.028348196720856,1,0.47369634508662356,0.37457079212482586
63.076044720733975,29.40398743749795,1,0.8551898797577094,0.6762331058716573
63.520510666541156,29.702399686044146,1,1.1055782664277352,0.8742252949747797
62.78868233082453,29.50322228438713,1,0.5911005279910334,0.46740701145691915
62.920179601376496,29.145591481181192,1,0.9648079789361363,0.7629125549878893
62.734802666419704,29.72654806035457,1,0.38562876899760323,0.304932210197103
62.86656776773303,29.38359334127873,1,0.7338074302545092,0.5802511107981021
61.86229694424151,29.861711597016967,1,0.6043255491535225,0.47786456871714095
63.3294710243179,29.507735981647162,1,1.0003201180167796,0.7909934346557513
63.427907545533934,29.601163426146112,1,1.0495580368214683,0.8299278415612501
62.4874067873064,29.663593766658014,1,0.32792426112749373,0.25930293007646454
63.21290944100986,29.427772330868827,1,0.9451742863419552,0.7473874029287302
62.35031846502222,29.2543400347257,1,0.7424813540434984,0.5871099319356768
62.82365424826278,29.12207096954395,1,0.9435181691358551,0.746077844304994
62.551845662445814,29.62286556089645,1,0.3799396974180297,0.3004336320043031
62.90196879303294,29.943801770524807,1,0.4513941460375784,0.35693554445915354
63.07387267643313,30.14021117709049,1,0.6389393583708732,0.5052351027554175
62.70739135279962,29.52924075746305,1,0.5260992321700763,0.41600786701061004
62.61656346149371,29.40449786251896,1,0.6076523688093386,0.48049521910459025
62.4687483282604,29.004116047596607,1,0.9857100654250229,0.7794406772214948
62.35684861370375,29.751677191276737,1,0.2566766875023974,0.20296460201770794
62.707676298997534,29.25808173876944,1,0.7747047770342284,0.6125902912413917
62.98468875535993,30.08023727522798,1,0.5394269990369727,0.4265466694404145
62.53238224818114,29.11460339094242,1,0.878696411412076,0.6948206678683057
63.28415311085308,29.17961333231005,1,1.1606881486902252,0.9178029000525473
62.20778814048241,29.961936006131424,1,0.24669315130368064,0.19507021756456977
62.05417267276271,29.22439600762473,1,0.8629503314914446,0.6823696078381651
62.390679908354734,29.27256642872745,1,0.7198278348779974,0.5691968812941632
62.71952936745117,29.348789193892642,1,0.6941534345321385,0.5488950981484232
62.59358913139205,29.966660449375055,1,0.1425490744846209,0.11271929855528251
63.44228609944397,29.781852237071533,1,1.0109684559283811,0.7994135046177268
62.36262298436913,30.010299672389284,1,0.09261141686877189,0.07323157996922008
63.08857770235475,29.78559428756905,1,0.6676278389196362,0.5279202405984016
61.86908525002706,30.00282936068653,1,0.5839764745642679,0.46177373528140814
63.16733570722762,29.72213604622398,1,0.7628814728137249,0.6032411280626112
61.99978061203372,29.903395190653054,1,0.4612789651392955,0.364751869324957
62.19951637883074,30.324785079606926,1,0.42011085501473394,0.33219858539193614
62.35213095735258,29.949019313881426,1,0.10868335053668636,0.08594030569068942
62.07443188993275,29.48656768024425,1,0.6295949699639604,0.49784611822175107
62.96936537097996,29.63795591541765,1,0.6248560401526186,0.4940988554200218
63.202405192206214,29.58651957065515,1,0.8510525862660542,0.6729615811565177
62.328735841813106,29.056193725456964,1,0.9417283029549365,0.7446625249761918
62.39980960436304,29.444336219181913,1,0.5479421212814444,0.43327991979633235
62.25411919245654,29.40224027719469,1,0.6201830981761275,0.49040377185891143
61.93106341492265,29.47554528603641,1,0.7325858943355721,0.5792851931136802
61.9147261810009,29.7696636259176,1,0.5814307858700866,0.4597607566283675
62.22443736587224,30.62245615413991,1,0.672743133319002,0.5319651100490447
62.49602395478237,30.21070479697618,1,0.22517116930486544,0.1780519189667238
62.2733999081089,31.02145310086764,1,1.0472545149723729,0.8281063539930175
62.09665001620628,30.168803272160954,1,0.3987511219000506,0.31530858352612323
62.310866937875566,30.090606114579625,1,0.17424021978517373,0.13777876443822126
61.49271735276182,30.683631761340827,1,1.1847027283481173,0.9367921960821725
62.44737722493984,30.829570245023827,1,0.8398895698730932,0.6641345341755046
61.67833990349842,30.73908906149117,1,1.077752636703615,0.852222448055558
62.46198464282946,30.852865638249256,1,0.8632143698140861,0.6825783935817938
62.018576981297706,30.500048542189887,1,0.6701533070577482,0.52991723004278
62.80167189478856,30.808139411311842,1,0.8896498381359595,0.7034819838505855
61.813620224608975,30.974836709888734,1,1.1743905227592566,0.9286379194954125
62.1773292058545,30.85929880539333,1,0.9122230970935487,0.7213315695108607
62.524819240874386,29.95190879052773,1,0.08123081333669786,0.06423247806758303
61.84847421033771,30.89437529036273,1,1.0880197115453814,0.8603410379416211
61.85463338697546,30.749455512142248,1,0.967041814045755,0.7646789384425328
62.68502403850426,30.111902771393794,1,0.2623143305163542,0.20742251357087527
62.77896209149232,30.799871524168505,1,0.8733194937712428,0.6905689223760568
61.83199552658545,30.966695662366558,1,1.1576106796468126,0.9153694212442617
62.59728334817176,31.13533995353597,1,1.154701626784275,0.9130691158981132
61.812475968364105,30.940820717541555,1,1.1466445178682902,0.9066980351409997
61.526869384335406,30.59347943619172,1,1.1054907063095998,0.8741560576603088
62.33628890390697,30.55557657767196,1,0.5777706732322696,0.4568665580468639
61.81937388603475,30.38082442910169,1,0.7445484198212778,0.588744444158091
61.5965032918725,30.735709163846522,1,1.1357687839062764,0.8980981539568934
61.71483200917832,30.468883639345712,1,0.879990424846101,0.6958438964450732
62.499934145428256,30.877355209401927,1,0.888900761199638,0.7028896585259113
61.94882924035339,30.77720972755096,1,0.9350266298350655,0.739363241933143
61.8764887762672,30.768842495427837,1,0.9691908193985983,0.7663782435894784
62.51944820212465,31.17265935181241,1,1.184830012010707,0.9368928444042786
62.2410742097311,30.733389277157375,1,0.7732732204686396,0.6114583017668982
61.69693426848062,30.356263297349265,1,0.8401636323675504,0.6643512464358067
61.915266768891236,30.9654667630278,1,1.1140859545032513,0.8809526668336745
61.83699999495534,30.608250068209085,1,0.8729007322087596,0.6902377907306521
61.790549185324004,30.438872020109248,1,0.8003022776923293,0.6328312667046229
61.68758107670881,30.584586902602826,1,0.9693432448100636,0.7664987725057446
62.22489540667736,30.443090237355122,1,0.5074999520324377,0.40130066657225155
62.656365560144756,30.849880530510895,1,0.8839145284384896,0.6989468433143636
62.11474179433855,30.557804566444712,1,0.661138805748705,0.5227891005333131
61.30830608602794,30.068609739640554,1,1.1473248884091276,0.9072360315495919
62.1701522377868,30.90289415575475,1,0.9559706025740946,0.7559244853129379
62.2226856040949,31.05657438708458,1,1.091434104964636,0.8630409364334327
62.26900604978019,31.00163657400012,1,1.0285134763178159,0.8132870593818342
61.89792458883596,30.074441258722576,1,0.5614219531793955,0.4439389661750873
63.14059065356832,30.341176895057067,1,0.7722925732674404,0.610682864500476
61.37967406942751,30.497897564537173,1,1.1874805254589322,0.9389887122152445
62.156365560144756,29.349880530510895,1,0.7052011129427007,0.5576309427381211
61.86881839628109,30.058217788169703,1,0.5881008536396548,0.46503504804709606
62.320785745931104,29.69708250234318,1,0.3210642780928135,0.253878465003184
61.35979487200387,29.84480693155469,1,1.1026800601449172,0.871933566456381
61.7733999081089,29.52145310086764,1,0.8252234098755499,0.652537410354115
61.94737722493984,29.329570245023827,1,0.8314670151958593,0.6574744807258854
62.11144626982936,30.04465501286685,1,0.3458618854272694,0.2734869325761584
62.01944820212465,29.67265935181241,1,0.5370351642004819,0.4246553492336431
61.69386545240958,30.07170857198235,1,0.7634660545599757,0.6037033804106103
61.85740415903125,30.064657996102863,1,0.600209080433642,0.4746095109883743
61.7226856040949,29.55657438708458,1,0.8490173778667557,0.6713522598472622
61.665667833174474,30.108046748289308,1,0.7960922535389577,0.6295022309238958
61.59132458447996,30.12909368400966,1,0.8727928590587559,0.6901524910831774
61.670775771563825,29.753246076210807,1,0.8170987085277868,0.6461128815369194
61.50000436546281,29.742547443819422,1,0.9844393320256228,0.7784358571063941
61.41804516874104,29.95609290040885,1,1.0354144336393225,0.818743924475154
61.734472491572724,29.8288270229098,1,0.736232368002149,0.5821686068109133
61.482303650831824,29.645793167590323,1,1.029735789146822,0.8142535914003606
61.74661774601461,30.52510658704479,1,0.8862933427053853,0.7008278676319695
61.49144458186708,30.02547652008956,1,0.962134944563726,0.7607988789744771
61.705584113338176,29.529654872620068,1,0.8775777031964611,0.6939360601933134
61.56909783373354,29.63133182875863,1,0.9537075816842095,0.7541350234855213
63.020907642092226,29.098373332928,1,1.056919101798615,0.8357485323222648
62.48747896467902,29.09421112044432,1,0.8961546408142768,0.7086255935007453
62.96400841036089,29.05617901337473,1,1.064272912011218,0.8415634864485556
62.933851596599844,29.313626956493625,1,0.8296831882948384,0.656063936899108
61.704004952326976,28.690034908678236,2,0.4766128140516169,0.520067833389326
61.57908566380948,28.504517151003284,2,0.34670979245304,0.3783209457653979
61.62064864509514,28.655048149835967,2,0.38767751835801767,0.42302389084396236
61.741859750850274,29.078737197448287,2,0.7078375947637803,0.77237445877912
61.826991975696586,28.82285934078752,2,0.6351511017200051,0.6930607982155361
62.104333106184654,28.662596138348412,2,0.8678733277827295,0.9470013980519358
61.96177500754256,29.05173143521388,2,0.8623557038045355,0.9409807064901567
61.788935915106364,28.581247707572594,2,0.548452389970757,0.5984573594330571
61.21483200917832,28.968883639345712,2,0.3906499535160988,0.4262673368172511
61.312475968364105,29.440820717541555,2,0.8647452898857247,0.9435881623102741
61.31937388603475,28.88082442910169,2,0.3118885749041079,0.34032491495643546
61.0965032918725,29.235709163846522,2,0.6722330384235048,0.7335236685175935
61.19693426848062,28.856263297349265,2,0.28058709769105655,0.30616953567132466
61.3764887762672,29.268842495427837,2,0.7030452397741748,0.767145162371645
61.17833990349842,29.23908906149117,2,0.6629315193246256,0.7233740864199968
61.35463338697546,29.249455512142248,2,0.6800268177970837,0.7420280432075546
61.1072982118271,29.43004051220324,2,0.8613235516462473,0.939854448192303
61.72443736587224,29.12245615413991,2,0.7276455160699924,0.7939883609109086
61.99602395478237,28.71070479697618,2,0.7669163643648843,0.8368397161115128
62.024819240874386,28.45190879052773,2,0.7945738145906026,0.8670188254260279
61.34847421033771,29.39437529036273,2,0.8224185411940796,0.897402285981539
60.69795122364744,29.123559134102273,2,0.7686395011751512,0.838719959363747
61.44882924035339,29.27720972755096,2,0.7285570409530718,0.7949829937807086
61.518576981297706,29.000048542189887,2,0.5045300447325097,0.5505304085580868
61.810866937875566,28.590606114579625,2,0.5704956234882227,0.6225103776447786
61.18758107670881,29.084586902602826,2,0.5082709116375256,0.554612347794573
61.61474179433855,29.057804566444712,2,0.607656200207291,0.6630590579404173
61.83628890390697,29.05557657767196,2,0.7629093764008545,0.8324673923144351
61.026869384335406,29.09347943619172,2,0.5569942871833368,0.6077780613642889
61.7410742097311,29.233389277157375,2,0.8238393072492288,0.8989525899227472
61.59665001620628,28.668803272160954,2,0.36729048703001066,0.40077807852123987
61.72489540667736,28.943090237355122,2,0.6059342367083559,0.6611800949757964
61.49715871841346,28.124142458570862,2,0.5223460976928349,0.5699708343910824
61.30582283170364,28.83831804339795,2,0.26734724355609446,0.2917225421131222
60.8465032918725,28.235709163846522,2,0.522613934284844,0.5702630908978357
61.02322970171146,28.38459678828299,2,0.29158818253216,0.31817364086859956
60.454585612234595,28.27603923737801,2,0.8423029181833963,0.9190996146186381
61.71198464282946,28.352865638249256,2,0.5229539778047344,0.5706341377757912
60.793209445866616,28.69337323611381,2,0.4616509062751584,0.5037417785052226
61.17260022192215,28.323195714466227,2,0.26473381258507117,0.28887083241765976
61.63889613656436,28.0138383153906,2,0.6915374394212369,0.7545881420394532
60.67776476532649,28.82765104674191,2,0.6151798610198012,0.6712686860967735
60.8156070317049,28.942809741072264,2,0.5593077368684508,0.6103024390770169
61.040549185324004,27.938872020109248,2,0.6706996027884168,0.7318504223838969
60.9844644309309,29.0140722819184,2,0.5047462876829305,0.5507663673896487
61.3603980339376,27.84314349381741,2,0.7456384380059481,0.8136217816912453
61.4273292058545,28.35929880539333,2,0.2884652259364069,0.3147659497141894
61.203779505211536,28.87939390726704,2,0.3025519893499072,0.3301370692307824
60.48344575015444,28.46572574502719,2,0.7654810370737196,0.8352735233182998
61.12320621769275,28.740790650467005,2,0.19976550791663056,0.21797906356094932
60.60003570361854,28.348833854445616,2,0.680581258979005,0.7426330353851093
61.47489540667736,27.943090237355122,2,0.6778098266890897,0.7396089186515518
60.97345407594491,28.669402034964303,2,0.2818964721450417,0.30759829191812094
61.1510222654417,27.975348856453586,2,0.6103210918590445,0.6659669202275497
61.415667833174474,29.108046748289308,2,0.55722254334277,0.6080271287053137
61.38024380874426,28.411750917185728,2,0.2180132471090045,0.23789053447873212
61.015261310299216,28.236229538032628,2,0.4102089803768011,0.447609651632873
61.105290593428954,28.689540171466422,2,0.17458633439388066,0.19050418702711727
61.48207028112921,28.27952597308523,2,0.3848284576456047,0.41991506794156597
60.91554194379633,28.50403621493807,2,0.3334980539710437,0.36390463129573686
61.08699999495534,28.108250068209085,2,0.4952136643730665,0.5403646102292954
61.599163962759164,28.02781415896561,2,0.6576772509059108,0.7176407617757479
61.82635520021305,28.560340501061958,2,0.5861669091007552,0.6396104876599752
61.102117267088936,28.62844341274509,2,0.14691305722092135,0.16030780774855974
60.869870455072004,28.11882116050808,2,0.5909253160125495,0.6448027407846125
61.28589811182733,28.854874987632524,2,0.27951133923866256,0.3049956952895883
61.06937388603475,27.88082442910169,2,0.7189135705527079,0.7844602830821913
61.600177228608125,28.317955871239228,2,0.4444780624382169,0.485003206179628
61.61696752535597,28.281242338702263,2,0.4800442606629992,0.5238121410368739
61.08199552658545,28.466695662366558,2,0.19429201446098412,0.21200652610785345
60.95785759897942,28.876757902733043,2,0.41047986968232464,0.4479052391833091
61.679674748044775,28.839153529677,2,0.5104164229360049,0.5569534753925222
60.62352286741394,28.6375295965023,2,0.6197277240117817,0.6762311990277302
61.35797508451047,28.722455512949534,2,0.185366222821504,0.20226692829937687
61.97497481918492,28.81872164918545,2,0.772593475187819,0.8430344356795749
61.27957263263009,28.739508975564505,2,0.16512425778347814,0.18017940863875667
61.165456930036115,28.29905414091269,2,0.2899007976296558,0.31633240919276767
61.094843477351596,28.68400313428683,2,0.1795041915013378,0.19587042816749195
61.2132187501182,28.36374896116069,2,0.2170479081713094,0.23683718107527313
61.06467084109283,28.53010347316332,2,0.18251033659247262,0.19915065756608955
61.04338492711212,28.65692210506055,2,0.21191838264918975,0.23123997272091465
61.43605058220678,28.47412991768409,2,0.22194300490746674,0.24217858667484815
61.54704884649272,28.828650414538227,2,0.3953056026376295,0.43134746324329626
61.171180362896614,28.000032261146306,2,0.5831778531328827,0.6363489054799323
61.18094576555281,27.717694264479288,2,0.8634382346682598,0.9421619367556384
61.66019346768922,29.070567135550753,2,0.6463089971560376,0.7052360111630706
60.87679345360575,28.054146073775048,2,0.6386126666187781,0.6968379701755969
61.3356743393025,28.20385112686302,2,0.38711106659403166,0.4224057930234034
61.5233999081089,28.52145310086764,2,0.28872092145697614,0.3150449581912368
61.735587385959604,28.903466891220965,2,0.5919056842782627,0.645872493810216
61.620945087072364,28.782022717387253,2,0.4312014256721964,0.47051607634586406
61.10463338697546,28.249455512142248,2,0.3565203993334523,0.3890260315585337
61.330528269599625,28.470067527163753,2,0.1413872758173276,0.1542782150107556
60.843006271821785,29.026126309450852,2,0.5982011440270111,0.6527419400676275
61.424545878630745,28.936261071686783,2,0.40181809749048664,0.4384537327103143
61.19882924035339,28.27720972755096,2,0.30472828328456797,0.3325117860618217
61.73695230954422,29.09716956964983,2,0.7175631207931609,0.7829867065021191
60.79631832586124,28.00123879315841,2,0.7288234410872514,0.7952736828610537
60.715579800368566,28.2817908269777,2,0.6032474922638991,0.6582483874746462
60.74271735276182,28.183631761340827,2,0.6357298378321671,0.6936923004057471
61.20395442701334,28.799288320379507,2,0.2232211591894395,0.24357327626053535
61.165266768891236,28.4654667630278,2,0.13625530190985624,0.14867833504030195
61.44096801253464,28.682010454604853,2,0.22536102166942634,0.245908240010791
61.153826657400856,28.019232610657593,2,0.5665121093957753,0.6181636679419409
61.67627389233561,28.345603099519824,2,0.49438809938125505,0.539463774616078
61.53254906833861,28.686753146473297,2,0.31127786781092737,0.3396585268413407
61.14677728475441,28.89762758862215,2,0.3320483409459374,0.3623227411539378
60.89296759441881,28.50253024379775,2,0.35585070382561435,0.38829527677913295
60.735255834919606,28.30925335224729,2,0.572768884654922,0.6249909026639096
60.7675730347913,28.495983293197146,2,0.4801593168077337,0.5239376873884324
60.93758107670881,28.084586902602826,2,0.5798905207422046,0.6327618516206012
61.47443736587224,28.12245615413991,2,0.5130643681164222,0.5598428461192694
61.621092942716764,28.650293262562453,2,0.387210544540787,0.42251434083981504
61.70981826559038,28.177165572167866,2,0.6179028358473425,0.6742399272744808
61.3856105610205,28.12886868688209,2,0.47302028854843653,0.5161477605340616
61.41060930857539,28.778265428747677,2,0.26194908853968774,0.2858322120571235
60.97626290599081,28.342910651810538,2,0.3543859197867542,0.38669694152877027
61.47953302380513,28.350253154722015,2,0.33091236154483317,0.3610831891979487
61.1264887762672,28.268842495427837,2,0.33051667154582887,0.3606514222911242
60.9558370456231,27.940335258629478,2,0.6992976181145746,0.7630558525180076
60.96359595679957,28.458711769781047,2,0.30192202385961253,0.3294496668404386
61.30268021855357,28.259987033382767,2,0.32509435944597836,0.35473473263740335
60.776869384335406,28.09347943619172,2,0.6713770262628956,0.7325896097248001
60.860498373857965,28.422380988324505,2,0.41102997460986457,0.4485054997498903
60.614412333790845,28.431354861649343,2,0.6432669465257975,0.7019166025494401
61.51997008439681,28.46439578187108,2,0.3020962304391205,0.3296397566485507
60.96616278594132,28.72736171162913,2,0.3118373953013797,0.3402690690699636
61.484472491572724,28.8288270229098,2,0.34914690493462336,0.38098026119011047
61.741045017328084,28.044791097335033,2,0.7321331861639101,0.7988851928757686
60.96483200917832,27.968883639345712,2,0.6695686244825282,0.7306163274963638
60.56603539298198,28.36226369687892,2,0.7084448557513467,0.7730370865910348
61.28817613519875,28.79754653463897,2,0.22361369497699213,0.24400160137169813
60.51111356726778,28.19783486199901,2,0.8230020769393677,0.8980390254098757
61.561349201641825,28.811894038685146,2,0.39642876933390253,0.43257303430023075
61.51900604978019,28.50163657400012,2,0.2890837830315401,0.31544090355262877
61.062475968364105,28.440820717541555,2,0.22539529077659062,0.2459456335927294
60.8791994262438,28.53922520213648,2,0.3634796759837442,0.3966198180090219
61.36474179433855,28.057804566444712,2,0.5358769145816461,0.5847353191382123
61.1555159800351,27.75863848455681,2,0.8248270592771278,0.9000303999226683
60.69211336857202,28.465320262886078,2,0.5600492385693716,0.6111115469559557
61.10881770434557,27.896260705734445,2,0.6953957145279772,0.758798194132524
61.50800186917897,28.821012465787746,2,0.3606889302697798,0.39357462695621726
60.8503658126354,28.83626095572061,2,0.46726730553118256,0.5098702511488759
60.74324739449828,28.69368487855228,2,0.5102773680124928,0.5568017421812845
60.975969172747725,27.876833785456235,2,0.750410380063498,0.8188288040241796
61.18374656197039,29.171463001288263,2,0.5950971921661554,0.6493549863986791
61.086939213625286,27.767636583446933,2,0.8258406804922765,0.9011364377246287
61.34132458447996,29.12909368400966,2,0.5591836320089275,0.6101670189970222
61.216904863528875,28.05882541411927,2,0.5207858830156482,0.5682683676447754
60.99447037673599,28.630779596270102,2,0.25139159579784154,0.2743121433254405
61.364624597354066,28.843292373143072,2,0.2919240799980715,0.31854016367744425
61.03534413248504,28.043999060075077,2,0.5730553236477084,0.6253034576393208
61.11228710738699,28.403030110574427,2,0.2177795972426118,0.2376355816612584
61.50163326150688,28.426426629713912,2,0.30248817605987943,0.3300674377846531
61.18310071332664,28.39157726751993,2,0.19608532346401442,0.2139633394798551
60.422474185753295,28.647798755370776,2,0.8208952293277084,0.8957400866479011
61.063620224608975,28.474836709888734,2,0.20530026330007448,0.22401844847831717
61.16804516874104,28.95609290040885,2,0.3839125917082505,0.41891569822327024
61.4201522377868,28.40289415575475,2,0.2516340999575832,0.27457675772359863
61.42662844974028,27.961638250018343,2,0.6448868302854682,0.7036841786875488
61.482030569791355,28.662986102754274,2,0.2557022219939732,0.27901578947233296
60.92833990349842,28.23908906149117,2,0.4615497422514563,0.5036313908843434
61.61881839628109,29.058217788169703,2,0.6104996783346607,0.6661617892673827
60.95772738100508,29.13004971143039,2,0.6192934066174318,0.6757572828852692
60.758379297861254,28.195210230045838,2,0.616264857468766,0.6724526067464335
60.65549819778248,28.16655914679021,2,0.7158099548861643,0.7810736962599627
60.52976283605129,28.723579859378447,2,0.7252662002879,0.7913921117810903
61.86144626982936,29.04465501286685,2,0.7761135363850967,0.8468754373192577
61.51578313495885,28.465069336812785,2,0.29796857579775415,0.32513576442881514
61.76944820212465,28.67265935181241,2,0.5371747664059965,0.5861515021833396
61.63618329556388,28.095324520899077,2,0.6249731455732339,0.6819548702053638
60.68855587979504,28.919559548597952,2,0.6485038080189426,0.7076309331973043
61.25105512638584,28.815622130164233,2,0.23678098715447649,0.25836941715939304
61.33068171841237,28.74738258394824,2,0.19094943562065173,0.20835918872166975
61.44386545240958,29.07170857198235,2,0.532961783757514,0.5815544022030066
61.17173903231223,27.85728991842292,2,0.7250538467124559,0.7911603969370119
61.383811079373906,28.803777516989225,2,0.2665180100866559,0.29081770355001524
61.518247850912346,28.74569220210982,2,0.3239000438530048,0.3534315257060983
61.379357666498,28.67901847836328,2,0.1710938930448974,0.18669332346647385
61.7229885589671,28.87671902351601,2,0.5669194811361263,0.6186081816691053
61.23705949643399,29.02443958429,2,0.4453757145731532,0.48598270145795486
60.754738345426375,28.42116244093339,2,0.5107735124992068,0.5573431224812809
61.178569197480314,28.74549636475561,2,0.17756491565185206,0.19375433946896806
61.03251171897372,28.353059713164946,2,0.30714475757553317,0.3351485816155543
61.666752695923975,29.156658092461683,2,0.7178450998658695,0.7832943949256805
61.27560340163948,28.57114653411749,2,0.0359999631922246,0.03928224820545447
62.05167189478856,28.308139411311842,2,0.8552349468599847,0.9332107168317514
61.756579445406615,28.66560536015604,2,0.5232950516595815,0.5710063089291603
61.018372728662435,28.759959109427115,2,0.28644969561021666,0.3125666540616837
60.987759334073274,29.275699290834822,2,0.7410494002694007,0.8086143399216885
62.02896209149232,28.299871524168505,2,0.8364492870549588,0.9127122805632487
60.94693426848062,27.856263297349265,2,0.7801496205483481,0.8512795101521208
61.80832394658051,27.9428941491988,2,0.8527406218411459,0.9304889725351831
61.94241664812618,28.358757405253172,2,0.7356934356950289,0.8027700470076464
61.8872646307673,28.300159073307608,2,0.704354660794346,0.7685739694302844
60.855054242536326,29.191117999104748,2,0.7232932657654049,0.7892392955909197
61.601575210473825,28.58683488051885,2,0.3611707170225611,0.3941003404605284
61.4726856040949,28.55657438708458,2,0.23328562143737427,0.2545553626023122
61.167991430984316,27.981318587830486,2,0.6021386246961316,0.657038419264639
61.23448823275937,28.81134731119196,2,0.23234771871384774,0.2535319469009846
60.981439110325795,29.22219326662372,2,0.6933286978624461,0.7565427178903222
61.58433641074507,28.395845294779814,2,0.3896225539044351,0.4251462643779249
61.33341495959107,28.429148297018422,2,0.17639186088008257,0.1924743318073715
60.80879263293597,29.19029043599535,2,0.7482930710074328,0.816518449998985
60.8572982118271,28.43004051220324,2,0.41115224709388787,0.44863892038814074
61.4709395581469,29.19151638564968,2,0.6543622276745227,0.7140234923722513
61.898982908562616,28.02374977380185,2,0.8613966456044013,0.9399342064684766
61.50164927577226,28.239690043723517,2,0.428239250627337,0.46728382594830525
61.00843935934163,28.38617912624209,2,0.30175503821347666,0.3292674563319658
61.17523985136744,28.242131752662647,2,0.3432046632708292,0.3744962375624316
60.633847921727046,29.030417092691664,2,0.7561215428963234,0.8250606802831327
61.39626882604188,27.849143469866448,2,0.746371740313838,0.8144219426001428
61.26456372062039,27.76631916323081,2,0.8131144172875969,0.887249861583847
61.304160062572755,28.121286669071328,2,0.4621971450179171,0.5043378203888742
60.89770769572037,28.689955616980047,2,0.36026693899281925,0.39311416076091626
61.312142885931365,28.553419737622924,2,0.07611009676011878,0.0830494102426717
60.75433006596345,28.236103460888,2,0.5949623983070346,0.6492079027530019
60.87046502626921,28.648269038080677,2,0.3764364454719913,0.41075791676930373
61.07938064244735,28.52973478884148,2,0.16849386651026302,0.18385624035255738
60.75862900499806,29.20860415351385,2,0.7927750459827458,0.8650560546714937
61.317617432402926,28.842149473388513,2,0.27414607265823504,0.29914125226209365
61.616663770862246,28.21775514477392,2,0.5215955094568738,0.5691518115152067
61.624593170867094,28.44110983897767,2,0.40813217898464993,0.44534349854476274
60.980267237746325,28.518764022211837,2,0.2671187280015802,0.2914731917267537
61.04686312791618,28.73003357797761,2,0.24551657881102346,0.2679014735629421
61.22243595219723,28.07385143845577,2,0.5055480229558501,0.5516412006170531
60.50152723338617,28.72324203135621,2,0.7528919490966348,0.8215366293121704
61.342434532161505,28.468303130015983,2,0.15054566296436464,0.16427161514704394
61.749934145428256,28.377355209401927,2,0.5479299817053878,0.5978873207628719
61.454460922216406,28.42365994556746,2,0.2644597685530659,0.2885718025095742
60.86306634104028,29.283436898653626,2,0.7991055929655682,0.87196378723021
61.232303650831824,28.645793167590323,2,0.06721621084235267,0.07334462714977835
60.872413876004074,28.249640834464326,2,0.4939703013077603,0.539007883938214
60.77279307493306,28.20800031496881,2,0.5970228885212189,0.6514562574967641
61.41325689563741,28.846180009370837,2,0.31810868624585553,0.3471121429401815
61.246600667560294,28.082378232319652,2,0.49673644634920666,0.5420262313601316
60.77534280951621,28.451469801002954,2,0.48233131260135403,0.5263077141968104
60.830066882050346,28.78119708950114,2,0.45749082084891085,0.4992023986342719
61.84728334817176,28.63533995353597,2,0.6093983302673638,0.6649600261458721
61.766768989698114,28.386170518112287,2,0.5605219038780406,0.6116273073714344
61.731572859307356,28.69561580249893,2,0.5047234813461681,0.5507414816925001
61.51215844223852,28.490882525944098,2,0.28562773562315596,0.3116697521383605
61.0394488128964,28.457081147947683,2,0.23515885344981746,0.25659938593828857
61.22074790167506,28.84261744778963,2,0.264278636746682,0.2883741560692631
61.598594077736884,28.959108560605078,2,0.5221724132637562,0.5697813143402962
61.868845691988604,28.56634379853128,2,0.6284868738607361,0.6857889615342683
60.587021283458355,28.87848218406507,2,0.718792000908222,0.784327629364646
61.33777143452549,28.10828723508025,2,0.4807360662058382,0.5245670217265735
61.522864730654966,28.689393571530147,2,0.30316076755201954,0.3308013525887891
61.625083849841566,28.567005096245303,2,0.3847854442923857,0.41986813285976393
61.24901324761507,28.437706776283086,2,0.1416271209706016,0.15453992796839047
61.10979487200387,28.84480693155469,2,0.29613005398265474,0.32312961598121126
61.76199488902869,28.431970902346674,2,0.5418577723658784,0.5912614796986342
60.637127763241395,28.997985661224433,2,0.7345255413715793,0.8014956702965781
60.85524061412428,28.895669632186515,2,0.49864442620693245,0.544108170664958
61.00271349300324,28.633952463070944,2,0.24402446637844305,0.26627331826139095
60.77822736832472,27.97105489805489,2,0.7637903384056246,0.8334286757453699
61.09885425990388,28.65348939998698,2,0.1599914408169066,0.17457860874356182
60.87682825435515,28.205859368442393,2,0.5210947409309553,0.5686053855807252
61.268576981297706,28.000048542189887,2,0.5797094367000091,0.6325642572993628
61.418396450744346,28.439411607488488,2,0.22618116778633754,0.24680316268493985
60.76408089386491,28.39673055577707,2,0.5101115654489862,0.5566208226226175
61.420775771563825,28.753246076210807,2,0.2506762649009188,0.273531592365099
61.156664899630705,28.56154463669697,2,0.08563683854250938,0.09344474962918445
61.345327458776175,29.194305114735407,2,0.6240968699683577,0.6809987004553191
61.762998689643844,28.54273438261869,2,0.5237732322553925,0.5715280874863045
60.47276088121085,28.965470622478353,2,0.8594792812122917,0.937842026997376
62.10534102618352,28.479757680183464,2,0.8705374244621444,0.9499083928853835
61.25000436546281,28.742547443819422,2,0.16374715089973008,0.17867674447979678
61.98428654852784,28.639395452105504,2,0.7462404810235519,0.8142787157864718
60.66402920567162,28.662532613291106,2,0.5824683367221215,0.6355746991396496
60.73270840504076,29.051877086824692,2,0.6938153901734955,0.7570737842155916
61.208320647107385,28.56065621323719,2,0.03706824549530813,0.04044793080238238
61.972328786407296,28.690336883930158,2,0.7402499217060292,0.8077419691585962
61.60740415903125,29.064657996102863,2,0.6086184685106889,0.664109060745489
61.2440342818353,28.156395397043163,2,0.4226965456262987,0.46123576660952725
61.17667359222105,28.666194482904714,2,0.10798935258575076,0.11783524691869725
60.77559624885978,28.764601312071576,2,0.5005431247929178,0.5461799824810915
60.937768437897155,28.60730943812414,2,0.3040330435346474,0.33175315805231925
61.09847421033771,28.39437529036273,2,0.23298628928621487,0.25422873893897874
61.56644514977229,28.55100644482861,2,0.32716378184873035,0.35699283395913994
60.76569917905272,28.072184061624746,2,0.6945248525800769,0.7578479316278809
61.717551969867884,29.11224257856941,2,0.7154408903230493,0.7806709823545425
61.82724898117228,28.66283432442377,2,0.592708982634515,0.646749032634571
61.164615938971245,28.220378126066194,2,0.3666353380445835,0.400063196538731
60.89452223610317,28.318750471409015,2,0.432968960668701,0.4724447657746221
61.83187874234898,28.052202722274803,2,0.7920478490566201,0.8642625558005702
61.55760431518275,28.675165902048374,2,0.3313546978320504,0.36156585535324354
61.10647363538955,28.61158585170263,2,0.13790077250955537,0.15047383089031216
61.63945182944837,28.765111259025304,2,0.44020563577182864,0.48034124239226184
61.09557345351038,28.478633414023303,2,0.1763210162680728,0.19239702796075012
61.4910742097311,28.233389277157375,2,0.42695852840582593,0.46588633429202203
61.421374245915615,28.31351454737902,2,0.32131503162708136,0.3506108258256387
61.58628890390697,28.05557657767196,2,0.6274003102428438,0.6846033308295603
61.40022280113547,29.351662797528004,2,0.7889258383090635,0.8608558967317603
61.259508141086656,28.907374697026555,2,0.3288481532358816,0.35883077736333024
61.31522166347861,28.32106713190154,2,0.2686154738109345,0.29310640285170914
61.132209271050435,28.197075179037963,2,0.39705123731387426,0.4332522555971703
61.906365560144756,28.349880530510895,2,0.7042188689472701,0.7684257968054228
62.070785745931104,28.69708250234318,2,0.838641716168887,0.9151046036933123
60.6771662620137,28.63856746776151,2,0.5664541344184533,0.618100407114792
61.27703962921132,27.901364854137736,2,0.6786971896634633,0.7405771866584258
60.98403201293368,28.35921186391511,2,0.3378021430705837,0.3686011443283679
61.69737722493984,28.329570245023827,2,0.5205781218434089,0.5680416639147803
61.48304722227597,28.183285844925493,2,0.4642044303011,0.5065281192592402
61.24144458186708,29.02547652008956,2,0.4464004805478771,0.48710090013934415
61.2421019038025,28.60556070982161,2,0.02653278567677703,0.028951903838679346
60.83146669790719,28.828885556638465,2,0.479272950806651,0.5229705072535669
60.61548863208759,28.387403191270003,2,0.6537299591152989,0.7133335769314127
60.763359352331506,28.16107669317511,2,0.634331053901282,0.6921659828018809
60.88377714436383,28.351239198363107,2,0.4232642200091579,0.4618551985208401
61.57438783912468,28.33923813463535,2,0.4111106114173933,0.4485934885922934
61.592506339943675,28.38093531114655,2,0.4039519680912649,0.44078215827371037
61.78197315505335,28.509481620447346,2,0.5459394593874125,0.5957153132156505
61.39099575013474,29.334593681427197,2,0.770362249064839,0.8405997782356939
61.00676795748493,28.58242224353324,2,0.233743801269539,0.25505531683264643
60.79227018360039,28.29957012583961,2,0.5282264467676033,0.5763873223929273
60.74648052204731,28.718462350364064,2,0.5132947192750992,0.5600941994704172
61.74669566913434,28.333037807126995,2,0.5628336364002618,0.6141498113594978
61.50135243796058,28.358638453296123,2,0.34153115532313855,0.372670148068285
61.613887146028546,28.53941340700965,2,0.3755000159631829,0.40973610860257015
61.9795250603804,28.71660954653819,2,0.7517254986443533,0.8202638281167576
61.97320988372362,28.52214675109067,2,0.7349303929094254,0.8019374340425884
